insert into payment(payment_id, payment_type_id, charity_ind, show_in_profile_ind, show_details_ind) values(1, 1, 0, 0, 0)
insert into payment(payment_id, payment_type_id, charity_ind, show_in_profile_ind, show_details_ind) values(2, 1, 0, 0, 0)
insert into payment(payment_id, payment_type_id, charity_ind, show_in_profile_ind, show_details_ind) values(3, 1, 0, 0, 0)
insert into payment(payment_id, payment_type_id, charity_ind, show_in_profile_ind, show_details_ind) values(4, 2, 0, 0, 0)
insert into user_payment(payment_id, gross_amount, user_id) values(1, 50.5, 1)
insert into user_payment(payment_id, gross_amount, user_id) values(2, 25.5, 1)
insert into user_payment(payment_id, gross_amount, user_id) values(3, 25.5, 2)
insert into user_payment(payment_id, gross_amount, user_id) values(4, 50.5, 2)

insert into project(project_id, tc_direct_project_id, project_status_id, project_category_id, create_date, create_user, modify_date, modify_user) values(1, 1, 1, 1, '2010-09-02 12:00:00', 'user', '2010-09-02 12:00:00', 'user')
insert into project(project_id, tc_direct_project_id, project_status_id, project_category_id, create_date, create_user, modify_date, modify_user) values(2, 2, 1, 1, '2010-09-02 12:00:00', 'user', '2010-09-02 12:00:00', 'user')
insert into project(project_id, tc_direct_project_id, project_status_id, project_category_id, create_date, create_user, modify_date, modify_user) values(3, 2, 1, 1, '2010-09-02 12:00:00', 'user', '2010-09-02 12:00:00', 'user')

insert into resource(resource_id, project_id, resource_role_id, create_date, create_user, modify_date, modify_user) values(1, 1, 1, '2010-09-02 12:00:00', 'user', '2010-09-02 12:00:00', 'user')
insert into resource(resource_id, project_id, resource_role_id, create_date, create_user, modify_date, modify_user) values(2, 2, 2, '2010-09-02 12:00:00', 'user', '2010-09-02 12:00:00', 'user')
insert into resource(resource_id, project_id, resource_role_id, create_date, create_user, modify_date, modify_user) values(3, 3, 2, '2010-09-02 12:00:00', 'user', '2010-09-02 12:00:00', 'user')

insert into resource_info(resource_id, resource_info_type_id, value, create_date, create_user, modify_date, modify_user) values(1, 1, '1', '2010-09-02 12:00:00', 'user', '2010-09-02 12:00:00', 'user')
insert into resource_info(resource_id, resource_info_type_id, value, create_date, create_user, modify_date, modify_user) values(2, 2, '2', '2010-09-02 12:00:00', 'user', '2010-09-02 12:00:00', 'user')
insert into resource_info(resource_id, resource_info_type_id, value, create_date, create_user, modify_date, modify_user) values(3, 2, '2', '2010-09-02 12:00:00', 'user', '2010-09-02 12:00:00', 'user')