insert into direct_project_task_status (direct_project_task_status_id, name) values (0, 'NOT_STARTED');
insert into direct_project_task_status (direct_project_task_status_id, name) values (1, 'IN_PROGRESS');
insert into direct_project_task_status (direct_project_task_status_id, name) values (2, 'WAIT_ON_DEPENDENCY');
insert into direct_project_task_status (direct_project_task_status_id, name) values (3, 'COMPLETED');

insert into direct_project_task_priority (direct_project_task_priority_id, name) values (0, 'HIGH');
insert into direct_project_task_priority (direct_project_task_priority_id, name) values (1, 'LOW');
insert into direct_project_task_priority (direct_project_task_priority_id, name) values (2, 'NORMAL');

insert into user (user_id, email_address, handle) values (1, 'user1@sohu.com', 'user1');
insert into user (user_id, email_address, handle) values (2, 'user1@sohu.com', 'user2');
insert into user (user_id, email_address, handle) values (3,'user1@sohu.com',  'user3');
insert into user (user_id, email_address, handle) values (4,'user1@sohu.com',  'user4');
insert into project (project_id, project_name) values (1, 'project 1' );
insert into project (project_id, project_name) values (2, 'project 2' );
insert into project (project_id, project_name) values (3, 'project 3' );
insert into project (project_id, project_name) values (4, 'project 4' );
insert into project_milestone (project_milestone_id, name) values (1, 'milston name 1' );
insert into project_milestone (project_milestone_id, name) values (2, 'milston name 2' );
insert into project_milestone (project_milestone_id, name) values (3, 'milston name 3' );
insert into project_milestone (project_milestone_id, name) values (4, 'milston name 4' );
insert into direct_project_task_list(direct_project_task_list_id, project_id,name,notes,create_date,create_user,is_active,is_default) values (1, 1, 'tasklist1', 'note1', current, 'user1', 'T', 'T');
insert into direct_project_task_list(direct_project_task_list_id, project_id,name,notes,create_date,create_user,is_active,is_default) values (2, 2, 'tasklist2', 'note2', current, 'user2', 'T', 'T');
insert into direct_project_task_list(direct_project_task_list_id, project_id,name,notes,create_date,create_user,is_active,is_default) values (3, 3, 'tasklist3', 'note3', current, 'user3', 'T', 'T');
insert into direct_project_task_list(direct_project_task_list_id, project_id,name,notes,create_date,create_user,is_active,is_default) values (4, 4, 'tasklist4', 'note4', current, 'user4', 'T', 'T');
insert into direct_project_task(direct_project_task_id, direct_project_task_list_id, name,create_date,create_user,status,priority) values (1,1, 'task1', current, 'user1', 1,1);
insert into direct_project_task(direct_project_task_id, direct_project_task_list_id, name,create_date,create_user,status,priority) values (2,2, 'task2', current, 'user2', 1,1);
insert into direct_project_task(direct_project_task_id, direct_project_task_list_id, name,create_date,create_user,status,priority) values (3,3, 'task3', current, 'user3', 1,1);
insert into direct_project_task(direct_project_task_id, direct_project_task_list_id, name,create_date,create_user,status,priority) values (4,4, 'task4', current, 'user4', 1,1);
insert into direct_project_task_contest_xref(direct_project_task_id, project_id) values (1,1);
insert into direct_project_task_contest_xref(direct_project_task_id, project_id) values (2,2);
insert into direct_project_task_contest_xref(direct_project_task_id, project_id) values (3,3);
insert into direct_project_task_contest_xref(direct_project_task_id, project_id) values (4,4);
insert into direct_project_task_list_contest_xref(direct_project_task_list_id, project_id) values (1,1);
insert into direct_project_task_list_contest_xref(direct_project_task_list_id, project_id) values (2,2);
insert into direct_project_task_list_contest_xref(direct_project_task_list_id, project_id) values (3,3);
insert into direct_project_task_list_contest_xref(direct_project_task_list_id, project_id) values (4,4);
insert into direct_project_task_list_permitted_user(direct_project_task_list_id, user_id) values (1,1);
insert into direct_project_task_list_permitted_user(direct_project_task_list_id, user_id) values (2,2);
insert into direct_project_task_list_permitted_user(direct_project_task_list_id, user_id) values (3,3);
insert into direct_project_task_list_permitted_user(direct_project_task_list_id, user_id) values (4,4);
